<?xml version="1.0" encoding="UTF-8"?>
<project-private xmlns="http://www.netbeans.org/ns/project-private/1">
    <editor-bookmarks xmlns="http://www.netbeans.org/ns/editor-bookmarks/2" lastBookmarkId="0"/>
    <open-files xmlns="http://www.netbeans.org/ns/projectui-open-files/2">
        <group>
            <file>file:/C:/Users/IFTM/Desktop/PrjFornecedor%20(1)/PrjFornecedor/PrjFornecedor/src/objetos/Contato.java</file>
            <file>file:/C:/Users/IFTM/Desktop/PrjFornecedor%20(1)/PrjFornecedor/PrjFornecedor/src/prjfornecedor/PrjFornecedor.java</file>
            <file>file:/C:/Users/IFTM/Desktop/PrjFornecedor%20(1)/PrjFornecedor/PrjFornecedor/src/classes_menu/CRUD_Entrada.java</file>
            <file>file:/C:/Users/IFTM/Desktop/PrjFornecedor%20(1)/PrjFornecedor/PrjFornecedor/src/regraNegocio/Fornecedor_RN.java</file>
            <file>file:/C:/Users/IFTM/Desktop/PrjFornecedor%20(1)/PrjFornecedor/PrjFornecedor/src/classes_bd/Produto_BD.java</file>
            <file>file:/C:/Users/IFTM/Desktop/PrjFornecedor%20(1)/PrjFornecedor/PrjFornecedor/src/classes_bd/Contato_BD.java</file>
            <file>file:/C:/Users/IFTM/Desktop/PrjFornecedor%20(1)/PrjFornecedor/PrjFornecedor/src/classes_menu/Menu_Principal.java</file>
            <file>file:/C:/Users/IFTM/Desktop/PrjFornecedor%20(1)/PrjFornecedor/PrjFornecedor/src/classes_bd/Fornecedor_BD.java</file>
            <file>file:/C:/Users/IFTM/Desktop/PrjFornecedor%20(1)/PrjFornecedor/PrjFornecedor/src/objetos/Fornecedor.java</file>
            <file>file:/C:/Users/IFTM/Desktop/PrjFornecedor%20(1)/PrjFornecedor/PrjFornecedor/src/classes_menu/CRUD_Produto.java</file>
            <file>file:/C:/Users/IFTM/Desktop/PrjFornecedor%20(1)/PrjFornecedor/PrjFornecedor/src/classes_menu/CRUD_Fornecedor.java</file>
            <file>file:/C:/Users/IFTM/Desktop/PrjFornecedor%20(1)/PrjFornecedor/PrjFornecedor/src/regraNegocio/Entrada_RN.java</file>
            <file>file:/C:/Users/IFTM/Desktop/PrjFornecedor%20(1)/PrjFornecedor/PrjFornecedor/src/classes_bd/Entrada_BD.java</file>
        </group>
    </open-files>
</project-private>
